Profile,Post,Create Date,Likes,Outlier Score,Comments,Caption,Transcript
eliventurajoyeria,https://www.instagram.com/eliventurajoyeria/reel/Dadd4IOJj-D/,2026-07-06,369708,581.3,192,Lo que te encuentras en Miami 🫪 Te pagamos el Oro al mejor precio 🇺🇸✨,"Buenas tardes. Hola, mi amor. Vengo a venderte esta cartera, Chanel. Quiero 50 mil. Ay, mi amor, yo no compro cartera, pero es la segunda vez que me pasa y vienen a venderme cartera, pero nosotros no compramos cartera. Ay, disculpe, es broma. ¿Ah? Vengo a venderte todo lo que está aquí adentro, que era de mi ex esposo, y lo quiero vender. Ay, qué pena. Mira, pásamelo todo para acá, pásalo. Todo, 14. ¿Oro, 14? Sí. Bueno, yo lo voy a medir, lo voy a... Oye, pero qué cantidad de oro. Sí. Guau, pero ¿tú estás segura que todo esto era de él? Bueno, todo eso me dijo que era de él, y yo no lo quiero, lo quiero vender. Ok, ok, perfecto. Yo te lo compro todo. Ok. Muchacha, aquí tienes 1,200 gramos y todo es oro, 14. Entonces, mira, hoy te lo puedo pagar a 75 dólares el gramo. Recuerda que el oro baja y sube y se paga al día, ¿ok? 1,200 gramos por 75 dólares. Mira, mi amor, 90 mil dólares. Ay, me lo puedes mejorar un poquito. Es que te traje mucho. ¿Me puedes dar otro precio, por favor? Bueno, mira, valorando que son 1,200 gramos, te lo voy a pagar un dólar más, ¿ok? ¿Está bien para ti? Ok, ok. Por 76, van a ser 91,200 dólares. ¿Cómo te gustaría que te haga el pago? ¿Cash o transferencia? Es mucho dinero. Necesito darte una parte cash y otra en transferencia, ¿ok? Porque es demasiado dinero. Ok, estaría perfecto. Sí, además tú vas a estar más segura porque te pueden asaltar. Uy. Ok, da un segundito. ¿Verificaste la transferencia que te ha entrado el dinero? Sí, sí, ya. Mira, mi amor, aquí tienes toda la otra diferencia en cash. Ok. Y recuerda siempre que quieras vender oro o tengas una amistad que nos puedas recomendar, aquí siempre vamos a estar pagando al mejor precio de todo Miami. Ok, gracias. Son los mejores de todo Miami. Bye, gracias. Y no olvides seguirme. Sí."
eliventurajoyeria,https://www.instagram.com/eliventurajoyeria/reel/DbB0dVhxUtN/,2026-07-20,275868,433.75,3008,5 anillos de matrimonio para que cumpliera con sus 5 novias😂 Comenta “Catálago” y me pondré en contacto contigo ✨,"Yo creo que nadie ha hecho esto contigo Vengo blindado Quiero que me des el mejor oro que tengas ¿Todo eso es cash? Todo esto es cash, mira ¿Y cuánto tienes ahí? No te puedo decir porque si no vas a querer que te compre todo Pero de presupuesto tengo 100 mil para comprar ¿Qué tienes? Ok, ok, está bien Tráeme cadenas, manías, anillos Lo mejor que tengas, mejor si tienes diamantes ¿Y oro 14? Oro 14 Porque con todo ese presupuesto me imagino que tú quieres lo mejor Claro, tráeme lo mejor Ok Con lo que ya escogiste tienes 57 mil 100 dólares Ok, déjame ver, ¿y qué me pusiste aquí, eh? Te puse diamantes, cadenas cortebrillo, mónaco y muchos anillos Qué lindo está todo esto, pero aquí todavía me sobra mucho Sí ¿Quieres comprarle algo a tu novia? Mis novias Vaya que me recordaste Tráeme ahí cargantillas, princesa Cosas lindas para las cubanitas, tú sabes Una cosita, ¿cuántas novias son para traerte más o menos? Tú traes cinco ¿Cinco? Cinco Mira, te busqué estas cinco opciones en gargantillas de oro 14 Y cinco anillos de matrimonio para que cumplan con las cinco Qué buen gusto tienes, ¿eh? Te quedan bonitos y todo, ¿sabes qué? Dámelo, porque me lo voy a llevar Ok ¿Y de verdad qué? ¿Cuánto sería? Y entonces aquí serían 82 mil 100 dólares y todavía te está sobrando 82 mil 100 dólares Sí No, ustedes son los mejores de Miami, por eso fue que vine aquí, porque te veía ahí en Instagram y eso Ay, gracias Es muy dura, es muy dura, toma mira, todo el cash ahí, espero te sirva Pásalo para acá Dale, listo Y empácamelo ahí que me lo llevo todo Ahora lo voy a contar Y ustedes no necesitan tener todo este cash Comenta la palabra catálogo y te enviamos los precios Pásame este ¿Por qué? Todo esto ¡Muchas gracias! Oye, ¿verdad? Oye, ¿verdad? Oye, oye, ¿verdad? T"
eliventurajoyeria,https://www.instagram.com/eliventurajoyeria/reel/Da0nAORJOMl/,2026-07-15,39320,61.82,257,Aquí en Ventura Joyería hay prendas para todos los presupuestos 🇺🇸✨ Comenta “Catálogo” y mi equipo se pondrá en contacto contigo ❤️💎,"Quiero la cadena más cara que tengas. Ok, mi amor, entonces, ¿tú quieres diamante? Tráeme diamante, lo más caro. Sí. Mira, esto es lo más caro que tengo aquí, 18 mil dólares. Un poquito más barato. Bueno. Te voy a mostrar... ...una Monaco. Vale 6 mil dólares. Esta sí, ¿verdad? Un poquito más barato. Una cadena cubana está valorada por 4 mil 900. Esta sí, ¿verdad? 4 mil 900. Sí. Un poquito más barato. No, que tú estabas buscando lo más caro. Bueno, mira, ya te tengo la mejor opción porque es una cadena sólida, corte brillo y está en 2 mil 625. Pero te voy a dar un descuentico también. Ok, ¿cuánto sería con el descuento? 2 mil 500. Esa sí. Nosotros tenemos prenda para todos los presupuestos. Comenta la palabra catálogo y te los envío."
eliventurajoyeria,https://www.instagram.com/eliventurajoyeria/reel/Ddo12WSTXGM/,2026-09-23,21689,34.1,293,Si quieres de regalo un hermoso reloj por la compra de tus prendas favoritas comenta “Oro” y te envío la información 🤩✨,"No me agarres. Mira, disculpa, señorita. Tú ves esa cadena ahí, ¿verdad? Sí. ¿Tú tienes eso acá? Sí, claro. Precisamente ese es mi esposo. Ah, es tu esposo. Mira, porque ella, ella, la que ves ahí, le dio like a esa foto en Instagram, ¿ok? Pero me imagino que debe ser por la cadena. Sí fue por la cadena. Bueno, yo me imagino también que sea por la cadena, ¿no? Fue por la cadena. Esperemos, porque mira, es su esposa. No puede ser tan descarada. ¿Sabes qué? Tráemela, por favor, que quiero. O sea, me la quiero comprar. Mira, es exactamente esta cadena. Exactamente la misma, ¿eh? Déjame verla. ¿Cuánto es que cuesta esta? Esa está por $3,900. ¿$3,900? ¿Pero ya con descuentico? Sí, ahí, ya te puse el descuentico. Mira, ¿no tienes alguna un poco más cara? Para que, eh, porque yo veo que esta está un poquito más gruesa. Porque yo creo que te gustó tanto, le diste like y lo sigues y todo. Pero esa igual es bonita. Ah, lo sigue. Lo sigue. Espérate que te voy a buscar una más carita. Ah, ok. Pero esa estaba perfecta. No, no, no me estés diciendo nada. Pero si se estaba igual, idéntica a la de la foto. ¿Le estás dando like? ¿Le estás dando like? Mira, mi amor. Wow. $5,500. Yo no te voy a pagar eso. Nada, $5,500. ¿Tú tienes financiamiento? Claro, mi amor. Y ahora con un solo... ¿Tú tienes un dólar? Sí, un dólar. Ah, un dólar. Entonces te vas a quedar pagando. Con un solo dólar de pago inicial puedes llevar la cadena. Esto está bonito, ¿eh? ¿Y cuánto me llevo pagando, papá? Todo depende de tu crédito. Todo depende del crédito. ¿Sabes qué? Ponme la empácamela y no hay ningún regalito por eso, ¿no? Sí, claro que si te voy a dar por la compra, te voy a estar regalando un reloj, por supuesto, para ti. ¿Un reloj? Sí. Mira. Eres increíble. Dale, empácamelo. Ustedes son los mejores. ¿Cómo es que te llamas? Eli. Eli Ventura. Y mi esposo se llama Harold. Harold, ok. Bueno, ya lo sigue. Ya lo conoce. Tráemelo, gracias. Mira, aquí está su regalo. Wow, qué bonito ese regalo. Tú no toques nada, mira. Muchas gracias. Esta es una de las mejores inversiones en oro, ¿verdad? Exactamente. Esto guarda su valor. Muchas gracias. Cuídate, mira, solo porque es eso, si no te dejo. Y si tú quieres invertir tu dinero, en vez de tirarlo en el banco, comenta la palabra oro y te ayudamos a financiar con joya."
eliventurajoyeria,https://www.instagram.com/eliventurajoyeria/reel/DavaNLHhvgb/,2026-07-13,10916,17.16,61,"Y eso que me agarró baratica 😂  Si tú también quieres tener las mejores prendas de todo Miami, sígueme! 🇺🇸✨","¡Ey, señorita! ¡Ay, soy loco! Disculpa si te asusté. ¿Puedo hacerte una pregunta súper rápido antes de que me boten de acá? Bueno. Perfecto. Pero me asustaste. Disculpa, ¿cuánto cuesta tu outfit? Ay, mijo, pero me agarraste baratita. Baratita, a ver, dímelo, no importa, que somos humildes. ¿Cuánto cuesta? Bueno, mira, mi vestido, 30 dólares. Ok. Mis zapatos Louis Vuitton, 1,100 dólares. Ok. Mis cintos Dior, 1,200. Baratita, ajá. Eh, ¿mi cartera también? La cartera, claro, ¿todos los accesorios? 28 mil dólares. ¿Y esa cartera de dónde es? Es una Hermes. Ah, ok. Una mini Kelly. Ok. Y me acabo de comprar otra de Chanel, 15 mil dólares. ¿15 mil dólares? No te creo. ¿Y en oro, prendas, lentes? ¿También? Claro, todo eso cuenta. Bueno, mira, este Rolex vale 17 mil dólares. ¿17 mil? En anillos tengo 28 mil dólares. ¿28 mil dólares en anillos? Sí. Ok, ajá. Esta manilla me costó 1,500 y esta 3,500. ¿Más 3,500? Ajá. Déjame ver qué más... Ah, los espejuelos me costaron 680 y los areticos, mil dólares. ¿Mil dólares? Las cadenas también, ¿todos? Las cadenas, claro, ¿esas de dónde son? Bueno, estas son de mi joyería, de mi negocio. Ah, ¿tú tienes un negocio? Sí, de joyería. ¿Cuánto cuestan esas? Esta me costó, bueno, esta vale mil dólares y esta vale dos mil dólares. ¿Más de dos mil dólares? Sí. Estamos hablando de cien mil dólares y tú me estás diciendo que estás barata. Más o menos. ¿Y cómo se llaman esas joyerías para que tú puedas gastar todo este dinero, eh? Ventura Joyería. Ventura Joyería. ¿Y qué tipo de prendas vendes? Bueno, vendo oro 10, vendo oro 14, pero también hago mayoreo y ayudo a personas a emprender. ¿En serio? ¿Y qué es lo que tengo que hacer para yo poder hacerlo? Porque yo quiero tener eso. Bueno, amor, déjame comer porque tengo un poco de hambre, pero mándame un mensajito y yo misma te voy a estar ayudando. Perfecto, ¿y te sigo por Instagram? ¿Cómo sales? Sí, sígueme, Eli Ventura. Eli Ventura, ya te sigo."
eliventurajoyeria,https://www.instagram.com/eliventurajoyeria/reel/DaDrRP5Mz-i/,2026-06-26,9611,15.11,111,Lo que te encuentras en Miami 😳🇺🇸 Comenta “catálogo” y te envío la información,"Esta pareja intentó robar una joyería en Miami tratando de llevarse un anillo para su boda, pero pasó algo que ellos no esperaban. Al entrar, la joyería tenía puerta doble, un mostrador lleno de oro de 14 quilates, y los atendió una mujer que resulta era la dueña de la joyería. Les enseño tres opciones de anillo para su boda con diferentes presupuestos, cada uno. Mientras se los probaban, se dieron cuenta de algo importante. El anillo que querían realmente costaba mucho menos de lo que pensaban, era de 14 quilates con diamante de laboratorio sencillo y elegante como la chica quería. El chico le dijo que se lo compraba por 520 dólares, que era todo lo que tenía la mujer. Lo pensó y al final aceptó el trato. Hay muchas parejas que piensan que comprar un anillo de compromiso es muy caro, pero comenta la palabra catálogo y te los envío. ¿Qué dije?"
eliventurajoyeria,https://www.instagram.com/eliventurajoyeria/reel/DcTqtKAsMEm/,2026-08-21,10507,16.52,211,Si quieres darle el mejor anillo a tu pareja según la etapa en la que se encuentren comenta “anillo” y te ayudo ✨🙌🏼,"¿Los anillos van en la mano derecha o en la izquierda? Todo empieza en la mano izquierda, en el dedo anular. Primero, el anillo de promesa, símbolo del inicio. Luego, el anillo de compromiso, que llega antes del sí acepto. Después, los aros de matrimonio, cuando la historia ya se convierte en una unión. Y finalmente llega la churumbela, el anillo que se regala con la llegada del primer hijo, celebrando una nueva etapa de la familia. Si quieres darle el mejor anillo de matrimonio a tu esposa, comenta la palabra anillo y te mando nuestros precios."
eliventurajoyeria,https://www.instagram.com/eliventurajoyeria/reel/DZ-idIfKNo1/,2026-06-24,7864,12.36,138,"La mejor Joyería de Miami, 🇺🇸🏅 Comenta “catálogo” si quieres saber nuestros precios ✨","Señorita, disculpa, una pregunta. ¿Ese carro es tuyo o alquilado? Ay, pero tú eres medio loquito. Puedes responderme que estoy haciendo preguntas para la gente de Miami para ayudarlos. ¿Tú lo pagaste cash o a plazos? Bueno, yo lo pagué cash porque gracias a Dios soy dueña de mi propio negocio. ¿En serio? ¿Y a qué te dedicas? Soy joyera aquí en Miami, mi amor, tengo dos joyerías. ¡Guau! ¿En serio? ¿Y qué tipo de prendas vendes? ¿De oro? Vendo oro 10, vendo oro 14, hago financiamiento y somos famosos porque nos dicen la joyería de los sorteos. ¿En serio? ¿Y cuáles son los precios? A ver. Bueno, tengo de todos los precios, pero mira, comenta la palabra catálogo porque yo estoy muy apurada y te envío todos los precios. Ok, gracias por tu tiempo. Bye, cuídate. Bye."
eliventurajoyeria,https://www.instagram.com/eliventurajoyeria/reel/DanuLXONxLE/,2026-07-10,7338,11.54,53,"A veces las personas juzgan sin saber que historia, esfuerzo y trabajo ha pasado para estar allí ❤️","Mírala, señorita, una pregunta ¿A qué se dedica para tener una Maybach? ¿Ese rol es suyo? Yo hago videos para redes sociales aquí en Miami preguntando a la gente exitosa ¿Tú me podrías decir a qué te dedicas? Bueno, yo soy dueña de mi propio negocio y tengo dos joyerías aquí en Miami ¿En serio? ¿Y dónde están ubicadas? Bueno, precisamente tengo una aquí mismo ¿Tú me podrías dar un tour de ella? ¿Solo para ver todo? Que sea rápido Permiso, ¿y tú cómo le hiciste para tener esto? ¿Te ganaste la lotería o tienes un sugar? Algo me dice Siéntate que te voy a explicar Mi amor, si yo dormía hasta en el carro No te creo Exactamente ¿Y hace cuánto tiempo veniste acá? Bueno, nosotros llegamos hace 10 años de Cuba y mi esposo siempre ha sido joyero Él vendió su moto que tenía en Cuba por 5 mil dólares y esa fue nuestra inversión inicial ¿Y cómo fue que tú empezaste a crear tu primera joyería, eh? Bueno, estuvimos en una tienda latina y ahí fue donde iniciamos con esos 5 mil dólares Luego, ahí paso yo todo mi embarazo Luego, cuando mi bebé nace mi esposo me da la noticia que vamos a abrir una tienda un poco más grande o sea, ya para nosotros y ahí es donde nosotros iniciamos y la verdad, no hemos parado de crecer ¿En serio? ¿Y cuál es el nombre de tu joyería? Ventura Joyería ¡Qué increíble historia de verdad! Disculpa por juzgarme ¿Y qué es lo que tengo que hacer para que todas las personas que te estamos viendo puedan comprarte tus prendas invertir en... ¿Tú vendes al por mayor? Sí, también Perfecto ¿Qué es lo que ellos tienen que hacer? Bueno, mi amor, seguirme Perfecto Gracias Eli Cuídate Bueno, bye No estás juzgando a las personas"
eliventurajoyeria,https://www.instagram.com/eliventurajoyeria/reel/DZsaP2ZhlzQ/,2026-06-17,2290,3.6,30,"Atento a mis historias, para que ustedes tampoco pierdan estas ofertas en prendas 💗✨","Buenas tardes, ¿cómo estás? Mira, ayer mi esposa me mandó una historia tuya, pero ya no me sale, de unas prendas de oro que ella quiere comprarse, pero realmente no me recuerdo. ¿Tienes alguna foto? Es que fue ayer y no tengo. ¿Lo viste en mis historias? Sí, lo vi en tus historias. Ok, yo subí dos opciones de corazón. Eso, de corazón. Sí, yo te voy a mostrar las dos opciones que pusiste. Quiero verla. Mira, estas fueron las dos opciones que yo subí a las historias de Instagram ayer. ¿Cuál de las dos fue la que tú viste? Te soy sincero, yo las veo las dos iguales y no me recuerdo. No, mira, no tienen nada que ver una con la otra porque esta tiene un corazón bien grande, es diferente al estilo, es vicentino y esta es muy fina, muy elegante. ¿Cómo es tu esposa? ¿Qué tú crees que le gustaría? ¿Fina o más gruesa? Mi esposa es más fina, entonces no sé cuál de las dos. ¿Esta, tal vez? No, si es una muchacha elegante, yo me iría por esta, la verdad. Yo te recomiendo esta. Perfecto, ¿y ustedes tienen financiamiento o solo cash? Sí, no, no, nosotros tenemos planes de financiamiento, también puedes pagar con una tarjeta de crédito tuya o también le puedes hacer un apartado. ¿Cuál tú quieres? ¿Sabes qué? Me lo voy a llevar con financiamiento, ¿qué necesitas para que aplique? ¿Tú tienes crédito? 600. Bueno, mira, vamos a hacer el financiamiento sin crédito, que no te corren el crédito. Oh, eso está bruto. Yo creo que ahí te iría mejor. Ok, dale. Entonces, ya ahora lo vamos a hacer. Vamos a hacerte entonces una precalificación. Perfecto. Bueno, mi gente linda, acabo de vender este set de corazones, así que estén pendientes a mis historias que voy a estar subiendo muchas ofertas y no olviden seguirme. Perfecto. Perfecto. Perfecto. Perfecto."
eliventurajoyeria,https://www.instagram.com/eliventurajoyeria/reel/DZ5JC_ct9yp/,2026-06-22,3311,5.21,102,Comenta la palabra “Precio” para ponerte en contacto con nosotros ✨🫶🏻,"Esta es la joyería más famosa de Miami, ¿verdad? Sí. ¿Cuál es la prenda más cara que tienes aquí? ¿Cuál tú crees? ¿La cubana? Esa es muy popular entre los cubanos, pero no. ¿Los anillos? Tengo varios modelos de oro 10 y de oro 14, pero no. ¿La Mónaco? Tenemos variedades en todos los precios, casi casi, pero no. Ahora sí lo tengo, los dijes, ¿no? Mejor te voy a decir yo porque si no vamos a estar todo el día aquí. Y aquí tenemos la joya de la corona, la corte brillo. Una cadena sólida que se la vas a poder heredar a tus hijos. Una buena inversión. Guau, pero todo muy lindo. ¿Cuál es el precio? Comenta la palabra precio y te hacemos una llamadita. Ahora comento."
eliventurajoyeria,https://www.instagram.com/eliventurajoyeria/reel/DbGoPZtJhdc/,2026-07-22,2232,3.51,35,No esperaba que se lo tomara tan en serio 😂😂,"Chicas, los clientes se están quejando. A mí me hace falta que ustedes estén encima de los clientes y que sonrían más. Cinco minutos más tarde. Pero Angie, ¿qué tú estás haciendo? Tú estás loca. Eli, tú me dijiste que tú eres encima de los clientes y yo te hago caso. Y no tienes ni para pagar un dólar inicial. Contigo nunca se queda bien."
eliventurajoyeria,https://www.instagram.com/eliventurajoyeria/reel/Ddb-YtsO4sE/,2026-09-18,1570,2.47,310,Se parte de nuestro grupo exclusivo donde puedes ganar hermosos regalo y aprovechar las mejores ofertas 🤩 así que comenta “Grupo” y te voy a estar agregando ✨🇺🇸,"Señorita, la pregunta del niño, ¿cuánto gastas para vivir aquí en Miami? Ay, mijo, más de 60 mil dólares. ¿Más de 60 mil dólares? ¿Y en qué gastas? Ay, mijo, mira, mi casa, más de 12 mil dólares, tengo un apartamento en la playa, 6 mil dólares, la escuela de mis hijos, sobre 5 mil 500, el mercado de mi casa, 3 mil dólares más o menos, y el más caro mejor ni te lo cuento. ¿Pero por qué? ¿No tienes dos minutitos ahí? Dímelo rapidito. ¿Qué es ese más? Bueno, es mi negocio y gasto más de 100 mil dólares porque hago muchas cosas para que mi negocio se mantenga al nivel que está. He regalado carros, he regalado carteras, dinero, oro, regalo muchas cosas. ¿Pero de qué es tu negocio? De oro, lo vendo a los 10 y oro a los 14 y hago envío a todos los Estados Unidos. Ah, pero tú has de ganar un montón con todo eso que tú haces, ¿eh? Bueno, también. ¿Y qué tengo que hacer para que tú me regales algo también? Porque yo quiero. Bueno, mira, acabo de crear un grupo de WhatsApp exclusivo donde voy a estar regalando oro y también por ahí doy las mejores ofertas. Comenta la palabra grupo y te voy a estar agregando. Ahora mismo me uno. ¿Cuál es tu nombre? Eli Ventura. Eli Ventura, mucho gusto. Gracias por tu tiempo. Bye. Bye."