Profile,Reel,Create Date,Views,Outlier Score,Likes,Comments,Transcript
elsensei,https://www.instagram.com/elsensei/reel/DdO6-e8sDsR/,2026-09-13,142400,1.98,5712,442,"Ir al gimnasio es difícil, pero estar gordo es más difícil. Levantarte temprano es muy difícil, pero ser pobre es mucho más difícil. Comer saludable es súper difícil, pero mirarte al espejo y que no te guste tu cuerpo es aún más difícil. Decir que no a los tragos el fin de semana es difícil, pero emborracharte todos los fines de semana durante varios años es aún más difícil. Y sus consecuencias ni se diga. No existe una versión de la vida que no sea difícil. Tenemos que dejar de evitar la dificultad, porque la vida no fue creada para que fuese fácil. Y como todo es difícil, tienes que elegir la dificultad que tú quieres. Una te deja más sano, con más confianza, con más energía, con más dinero. La otra te divierte hoy por un ratito, pero luego viene el arrepentimiento. Solo tú puedes decidir tu tipo de dificultad, porque el camino fácil no existe. La vida se hizo para que sea difícil. Y no es que Dios no te escucha, es que Él está esperando que tú te muevas. Él sabe lo que tú quieres, pero Él también sabe que tú solamente pides y no haces. Que solo piensas en hoy y no en tu futuro. Que solo piensas en gastar y no en ahorrar y en invertir. Y es imposible que Dios le dé algo a alguien que no se lo merece. Todo es difícil y ningún resultado es fácil. Así que elige el tipo de dificultad que quieres para tu vida."
elsensei,https://www.instagram.com/elsensei/reel/DbgZgB4CI1O/,2026-08-01,145452,2.02,12846,4813,"Para ser el primer millonario de tu familia, primero tienes que saber esto. Soy Sebastián Rodríguez, alias El Sensei, y a mis 23 años he ganado más de 7 millones de dólares. Y te puedo decir que lo más importante para ganar dinero son 3 cosas. La primera es una visión clara de lo que quieres en la vida. Y es imposible que tú puedas llegar al éxito si ni siquiera sabes qué paso tienes que dar. La segunda es enfoque en eso que tú quieres conseguir. Es imposible lograr un gran resultado si estás desenfocado queriendo mil cosas al mismo tiempo. Una cosa a la vez. Y lo tercero es que puedas encontrar una habilidad que puedas explotar para ganar mucho dinero. En mi caso yo lo hice con trading. Tengo 7 años dedicándome al trading de divisas y gracias a esta habilidad y la estrategia que he creado en los últimos 4 años he podido conseguir estos resultados. Además de que mis alumnos han ganado más de 10 millones de dólares entre el 2023 y el 2024. Si quieres saber cómo aprender esta estrategia deja la palabra yo en comentarios."
elsensei,https://www.instagram.com/elsensei/reel/DcTgyIcBXD0/,2026-08-21,83336,1.16,5430,566,"¿Sabías que Satanás hará todo lo posible para que no escuches esto? Porque sabe que la palabra de Dios te da fuerzas, te levanta, te envía y lo derrota. Pero aún, tú vas a recibir lo que él no quiere que tengas. Vida, esperanza y poder espiritual. Voy a darte poderosos versículos clave para que puedas vencer cualquier batalla. Escucha con atención y guarda este video. ¿Te sientes triste o perdido? Jesús te consuela en Juan 14. ¿Tienes miedo? Refúgiate en Salmo 91. ¿Estás ansioso? Encuentra paz en Salmo 34. ¿Te sientes tentado? Ora con Salmo 141. ¿Sientes que ya no puedes más? Retarda tus fuerzas con Isaías 40 del 28 al 31. ¿Te sientes rechazado e ignorado? Abraza la verdad en Romanos 8 del 1 al 2. ¿Has pecado? Dios te espera con amor en Salmo 51. ¿Necesitas motivación? No te rindas. Segunda de Corintios 4 del 7 al 17 dice que aunque estemos atribulados, no estamos destruidos. Úsalos como tus armas espirituales cada día. Si esto ha sido de bendición, comenta amén y comparte este video con un amigo."
elsensei,https://www.instagram.com/elsensei/reel/DcWYMKSC9vm/,2026-08-22,203742,2.83,4142,273,"Así se ve la habitación de un futuro pobre, así se ve la habitación de un futuro rico Así se ve el cuerpo de un futuro pobre, así se ve el cuerpo de un futuro rico Así pasa su tiempo libre un futuro pobre, así pasa su tiempo libre un futuro rico Estos son los amigos de un futuro pobre, estos son los amigos de un futuro rico Esto parece una tontería pero importa demasiado Porque tus hábitos, tu entorno y las personas con las que te rodea influye demasiado en tu futuro Si tú estás rodeado de cuatro personas aunque no sean exitosas pero al menos tienen hambre de progreso Van a conseguirlo, porque no existe nada más fuerte en el ser humano que el deseo interno de cambiar"
elsensei,https://www.instagram.com/elsensei/reel/DcBwawQut5t/,2026-08-14,275026,3.82,5225,365,"¿Cuándo es lo máximo que le has prestado a un amigo? Una vez le presté a un amigo 40 mil dólares, pero yo ya no le presto dinero a nadie. ¿Y por qué? Tú eres rico. Porque el 99% de las personas que le presté dinero no te van a pagar, y mucho menos si eres familiar o amigo. Así que acostúmbrate que a cualquier persona que le prestaste dinero, si le cobras se va a ofender, no te va a pagar y te va a dejar de hablar. Por eso tomé la decisión de no prestarle dinero a nadie. Preferirías regalártelo. Si una persona me pide 10 mil dólares prestados, yo prefiero regalarle 500 y no prestarle los 10 mil. Así que yo prefiero no prestarle dinero y conservar su amistad."
elsensei,https://www.instagram.com/elsensei/reel/DeHRji6Cw87/,2026-10-05,85338,1.18,3802,362,"2021 esta era mi definición de éxito, mucho dinero en efectivo, si yo podía subir vídeos con mucho dinero en efectivo para mí eso era éxito, si yo veía a la gente así en Instagram, éxito. 2022 cambié a esto, ropa de diseñador, Louis Vuitton, Dior, cadenas de oro, quería comprar mi primer Rolex, que las personas pudieran ver por las cosas que yo tenía, que tenía éxito. 2023 esto, carros de lujo, si podía tener ropa de diseñador, dinero en efectivo y carros de lujo, eso es una vida exitosa, ya que muy pocas personas en sus 20 tienen esto, para mí esa era mi definición de éxito. En el 2024 un carro no era suficiente, así que tenía que tener varios, dos o tres, uno que fuera rápido como un Lamborghini, otro que fuera para el día a día como una Urus y uno que fuera para la familia y para las compras como una G-Wagon, así que ahora tenía que conseguir más dinero para poder comprar más carros. 2025, tres carros no era suficiente, así que mi definición de éxito pasó a ser esto, tenía ocho carros al mismo tiempo, Lamborghini, Ferrari, un McLaren, un Porsche, una Rolls-Royce Cullinan, una Urus, una G-Wagon, tenía más de los carros que podía manejar y algunos de ellos duraban más de un mes que ni siquiera usaba porque no me daba tiempo usarlos todos y como tres no era suficiente necesitaba muchos para definir mi éxito. 2026, esta es mi definición de éxito ahora, suficiente dinero invertido para tener libertad, libertad para viajar el mundo sin limitaciones, cero carros, cero estrés y cero activos que pierdan valor en el tiempo. Mi familia con salud, todo el mundo bien y todo el mundo avanzando y progresando, un cuerpo sano y muy atlético que represente mi disciplina, conexión genuina con Dios, sentirme en paz todos los días. Y muchos mayores hace varios años me decían, no te preocupes que lo que tú piensas que hoy es éxito, mañana no te va a parecer tan exitoso. Y así fue, maduré, el tiempo pasó y entendí que genuinamente el éxito no es carro, no es lujos, no es dinero, no es enseñarle a las personas que tengo más que ellos, es tener una vida que haya valido la pena haberla vivido. Y para eso necesitamos dinero porque con el dinero vamos a comprar libertad. Y el sueño de todo el mundo es ser libre, no depender de un empleo y hacer lo que quiera, viajar donde quiera, despertar a la hora que quiera, comer lo que quiera y verse bien, para que salga bien en las fotos de Instagram. Qué locura es que tuve que pasar por todo eso para darme cuenta."
elsensei,https://www.instagram.com/elsensei/reel/DbIn9eIOh7c/,2026-07-23,118543,1.65,3549,117,"Padre rico, padre pobre. Malo. Es muy complejo y los consejos financieros que te da ya pasaron de moda. Hábitos atómicos. Legendario. La única forma de una persona progresar es cambiando sus hábitos. Cómo ganar amigos e influir sobre las personas. Bueno, te va a ayudar a entender cómo tener mejor comunicación, pero no es para todo el mundo. Piense y hágase rico. Bueno, si te enfocas en conseguir dinero, tu mente va a traer tus resultados. Los secretos de la mente millonaria. La única forma de ser millonario es pensando como tal. La Biblia. Legendario. Lo mejor que puede hacer el ser humano es seguir las enseñanzas de Jesús. El príncipe. Malo. Es un libro con buenos conceptos, pero para una persona que quiere progresar y ganar más dinero no se lo recomiendo. El millonario de la puerta de al lado. Legendario. Te enseña cómo los millonarios en Estados Unidos se comportan para que no cometas los errores que ellos cometieron al inicio. El hombre más rico de Babilonia. Bueno, la única forma de ganar más es siendo organizado por lo que ya tienes. Organiza tus finanzas hoy para cuando te llegue más también seas organizado."
elsensei,https://www.instagram.com/elsensei/reel/DcyzrwuCleb/,2026-09-02,94246,1.31,3047,190,"Los hombres débiles se enfocan en las mujeres. Las mujeres se enfocan en los hombres fuertes. Los hombres fuertes se enfocan en sus sueños. Y cuando un hombre cumple sus sueños es que empiece a atraer mujeres. En vez de concentrarte en perseguir a la mariposa, concéntrate en tener un buen jardín y las mariposas se acercarán solas. El propósito principal de un hombre nunca debe ser perseguir mujeres. Debe ser construir su imperio, perseguir sus sueños, seguir su misión y ganar más dinero. Ya que esto es lo que te va a dar verdadera libertad. Y te vas a dar cuenta que cuando cultivas un buen jardín, las mariposas vienen solas. Porque la vida empieza a mandarte la mujer que tiene que estar a tu lado. No mujeres que conoces en discotecas, no mujeres que encontraste en Instagram. Mujeres que te van a ayudar a seguir tu propósito. Y si en el camino se atravesa una que no, entonces no va a formar parte de tu jardín que cultivaste."
elsensei,https://www.instagram.com/elsensei/reel/DbBMXj6uYdx/,2026-07-20,93502,1.3,2871,252,"A una mujer le gusta un hombre que progresa, no que se atrase. Y esto no significa que es interesada. Y esto es porque a todas las personas les gusta la seguridad. Ninguna mujer va a estar interesada en ti si tú no has logrado nada con tu vida. En el mundo, el mejor reflejo de haber logrado algo está en tu economía, en tu cuerpo, o por lo menos a cuántas personas influencias. Entonces, una mujer no quiere estar contigo solamente porque tengas cosas, sino por la persona que tú representas, ya que conseguir esas cosas no fue fácil. Y al contrario, si una mujer no admirara ese tipo de cosas y no quisiera estar con un hombre que ha progresado en la vida, literalmente es tonta. Y es por esto que digo que las mujeres no son interesadas, son inteligentes."
elsensei,https://www.instagram.com/elsensei/reel/DXO5MCnDkGK/,2026-04-17,75274,1.04,2808,285,"Aristóteles dijo esta frase en el año 342 a.C. y dice, el pensamiento condiciona la acción, la acción determina un comportamiento, el comportamiento repetido crea hábitos, el hábito estructura un carácter, la manera de pensar, ser y actuar de una persona y el carácter marca tu destino en tu vida. Tu vida estará determinada por la información que tengas tú ahora mismo en tu mente, porque esa información determinará tu futuro. Vuelve a ver el video."
elsensei,https://www.instagram.com/elsensei/reel/Dd_oQ2JxPRV/,2026-10-02,106697,1.48,2758,483,pueden decir mentiroso o estafador vende humos pero lo que no pueden negar es que tengo resultados esto es google una plataforma de inversión en eeuu tengo 338 mil en profit un portafolio de 2 millones 175 mil dólares en acciones aquí están todas mis acciones la pueden ver de cerquita todas estas acciones que he comprado tengo un millón 12 mil en cripto tengo varios vtc tengo y tirión tengo solana tengo ripple compré barato y ahora estoy viendo rendimientos aquí pueden ver mis resultados estos son retiros míos esos que están aquí debajo retiros auditados de eca todos estos son retiros retiros retiros retiros retiros tengo 23 retiros este año 400 mil retirados de day trading aquí pueden ver los resultados de mis alumnos vienen a wilfredo que hizo 33 mil de lo que le enseñé aquí vemos 8400 de yoshua aquí vemos 2300 de edward aquí vemos 1945 y yo estoy en japón ustedes ven eso que se ve aquí afuera esto es tokyo todo esto es tokyo tokyo japón pueden llamarme como quieran porque al final el que no quiere creer la verdad nunca lo va a creer y siempre va a buscar excusas para decir que es mentira pero lo que no pueden negar es que tanto yo como mis alumnos tienen resultados que tengo un patrimonio de varios millones de dólares en inversiones y que soy libre viajo el mundo hago lo que quiera y apenas acabo de cumplir 26 años que dios bendiga a los que creen y a los que no que también los bendiga los amo